timestamp,label,benchmark,estimate,unit
2026-04-02T01:11:31Z,p-1-baseline,hash_data_4kb,2.0050,µs
2026-04-02T01:11:31Z,p-1-baseline,hash_data_1mb,496.34,µs
2026-04-02T01:11:31Z,p-1-baseline,sign_4kb,27.366,µs
2026-04-02T01:11:31Z,p-1-baseline,verify_4kb,39.491,µs
2026-04-02T01:11:31Z,p-1-baseline,generate_keypair,15.140,µs
2026-04-02T01:11:31Z,p-1-baseline,compute_hash_file_4kb,5.6559,µs
2026-04-02T01:11:31Z,p-1-baseline,compute_hash_file_1mb,611.11,µs
2026-04-02T01:11:31Z,p-1-baseline,revocation_key_lookup_1k,16.776,ns
2026-04-02T01:11:31Z,p-1-baseline,revocation_hash_lookup_1k,17.092,ns
2026-04-02T01:11:31Z,p-1-baseline,verify_artifact_signed_4kb,45.298,µs
2026-04-02T01:34:10Z,v0.2.0,hash_data_4kb,2.0100,µs
2026-04-02T01:34:10Z,v0.2.0,hash_data_1mb,495.45,µs
2026-04-02T01:34:10Z,v0.2.0,sign_4kb,27.568,µs
2026-04-02T01:34:10Z,v0.2.0,verify_4kb,34.556,µs
2026-04-02T01:34:10Z,v0.2.0,generate_keypair,15.026,µs
2026-04-02T01:34:10Z,v0.2.0,compute_hash_file_4kb,5.7188,µs
2026-04-02T01:34:10Z,v0.2.0,compute_hash_file_1mb,613.92,µs
2026-04-02T01:34:10Z,v0.2.0,revocation_key_lookup_1k,17.703,ns
2026-04-02T01:34:10Z,v0.2.0,revocation_hash_lookup_1k,18.684,ns
2026-04-02T01:34:10Z,v0.2.0,verify_artifact_signed_4kb,52.412,µs
2026-04-02T01:40:44Z,v0.3.0,hash_data_4kb,1.9879,µs
2026-04-02T01:40:44Z,v0.3.0,hash_data_1mb,487.19,µs
2026-04-02T01:40:44Z,v0.3.0,sign_4kb,27.678,µs
2026-04-02T01:40:44Z,v0.3.0,verify_4kb,34.817,µs
2026-04-02T01:40:44Z,v0.3.0,generate_keypair,15.110,µs
2026-04-02T01:40:44Z,v0.3.0,compute_hash_file_4kb,8.5151,µs
2026-04-02T01:40:44Z,v0.3.0,compute_hash_file_1mb,666.69,µs
2026-04-02T01:40:44Z,v0.3.0,revocation_key_lookup_1k,17.268,ns
2026-04-02T01:40:44Z,v0.3.0,revocation_hash_lookup_1k,17.283,ns
2026-04-02T01:40:44Z,v0.3.0,verify_artifact_signed_4kb,64.004,µs
2026-04-02T01:40:44Z,v0.3.0,verify_batch_10x4kb,744.70,µs
2026-04-02T01:57:41Z,v0.4.0,hash_data_4kb,2.0121,µs
2026-04-02T01:57:41Z,v0.4.0,hash_data_1mb,494.57,µs
2026-04-02T01:57:41Z,v0.4.0,sign_4kb,27.484,µs
2026-04-02T01:57:41Z,v0.4.0,verify_4kb,35.042,µs
2026-04-02T01:57:41Z,v0.4.0,generate_keypair,15.230,µs
2026-04-02T01:57:41Z,v0.4.0,compute_hash_file_4kb,5.6673,µs
2026-04-02T01:57:41Z,v0.4.0,compute_hash_file_1mb,608.11,µs
2026-04-02T01:57:41Z,v0.4.0,revocation_key_lookup_1k,16.775,ns
2026-04-02T01:57:41Z,v0.4.0,revocation_hash_lookup_1k,16.853,ns
2026-04-02T01:57:41Z,v0.4.0,verify_artifact_signed_4kb,46.886,µs
2026-04-02T01:57:41Z,v0.4.0,verify_batch_10x4kb,491.22,µs
2026-04-02T02:08:01Z,v0.4.0-optimized,hash_data_4kb,2.2174,µs
2026-04-02T02:08:01Z,v0.4.0-optimized,hash_data_1mb,525.49,µs
2026-04-02T02:08:01Z,v0.4.0-optimized,sign_4kb,28.632,µs
2026-04-02T02:08:01Z,v0.4.0-optimized,verify_4kb,39.885,µs
2026-04-02T02:08:01Z,v0.4.0-optimized,generate_keypair,15.608,µs
2026-04-02T02:08:01Z,v0.4.0-optimized,compute_hash_file_4kb,6.0692,µs
2026-04-02T02:08:01Z,v0.4.0-optimized,compute_hash_file_1mb,664.05,µs
2026-04-02T02:08:01Z,v0.4.0-optimized,revocation_key_lookup_1k,18.660,ns
2026-04-02T02:08:01Z,v0.4.0-optimized,revocation_hash_lookup_1k,19.089,ns
2026-04-02T02:08:01Z,v0.4.0-optimized,verify_artifact_signed_4kb,42.794,µs
2026-04-02T02:08:01Z,v0.4.0-optimized,verify_batch_10x4kb,429.01,µs
2026-04-02T02:10:52Z,v0.4.0-final,hash_data_4kb,2.3913,µs
2026-04-02T02:10:52Z,v0.4.0-final,hash_data_1mb,522.65,µs
2026-04-02T02:10:52Z,v0.4.0-final,sign_4kb,28.661,µs
2026-04-02T02:10:52Z,v0.4.0-final,verify_4kb,40.156,µs
2026-04-02T02:10:52Z,v0.4.0-final,generate_keypair,16.605,µs
2026-04-02T02:10:52Z,v0.4.0-final,compute_hash_file_4kb,6.3574,µs
2026-04-02T02:10:52Z,v0.4.0-final,compute_hash_file_1mb,656.51,µs
2026-04-02T02:10:52Z,v0.4.0-final,revocation_key_lookup_1k,18.358,ns
2026-04-02T02:10:52Z,v0.4.0-final,revocation_hash_lookup_1k,18.426,ns
2026-04-02T02:10:52Z,v0.4.0-final,verify_artifact_signed_4kb,42.512,µs
2026-04-02T02:10:52Z,v0.4.0-final,verify_artifact_signed_1mb,620.73,µs
2026-04-02T02:10:52Z,v0.4.0-final,verify_batch_10x4kb,429.11,µs
2026-04-02T02:20:16Z,near-term-complete,hash_data_4kb,2.3939,µs
2026-04-02T02:20:16Z,near-term-complete,hash_data_1mb,559.20,µs
2026-04-02T02:20:16Z,near-term-complete,sign_4kb,38.978,µs
2026-04-02T02:20:16Z,near-term-complete,verify_4kb,40.451,µs
2026-04-02T02:20:16Z,near-term-complete,generate_keypair,18.570,µs
2026-04-02T02:20:16Z,near-term-complete,compute_hash_file_4kb,7.5172,µs
2026-04-02T02:20:16Z,near-term-complete,compute_hash_file_1mb,769.39,µs
2026-04-02T02:20:16Z,near-term-complete,revocation_key_lookup_1k,28.382,ns
2026-04-02T02:20:16Z,near-term-complete,revocation_hash_lookup_1k,30.073,ns
2026-04-02T02:20:16Z,near-term-complete,verify_artifact_signed_4kb,54.594,µs
2026-04-02T02:20:16Z,near-term-complete,verify_artifact_signed_1mb,723.81,µs
2026-04-02T02:20:16Z,near-term-complete,verify_batch_10x4kb,496.41,µs
2026-04-02T02:38:38Z,v0.5.0,hash_data_4kb,2.3070,µs
2026-04-02T02:38:38Z,v0.5.0,hash_data_1mb,546.32,µs
2026-04-02T02:38:38Z,v0.5.0,sign_4kb,30.948,µs
2026-04-02T02:38:38Z,v0.5.0,verify_4kb,39.205,µs
2026-04-02T02:38:38Z,v0.5.0,generate_keypair,19.638,µs
2026-04-02T02:38:38Z,v0.5.0,compute_hash_file_4kb,7.5543,µs
2026-04-02T02:38:38Z,v0.5.0,compute_hash_file_1mb,769.26,µs
2026-04-02T02:38:38Z,v0.5.0,revocation_key_lookup_1k,22.583,ns
2026-04-02T02:38:38Z,v0.5.0,revocation_hash_lookup_1k,23.099,ns
2026-04-02T02:38:38Z,v0.5.0,verify_artifact_signed_4kb,53.119,µs
2026-04-02T02:38:38Z,v0.5.0,verify_artifact_signed_1mb,704.59,µs
2026-04-02T02:38:38Z,v0.5.0,verify_batch_10x4kb,510.09,µs
2026-04-02T03:42:15Z,v0.9.0,hash_data_4kb,2.0677,µs
2026-04-02T03:42:15Z,v0.9.0,hash_data_1mb,492.37,µs
2026-04-02T03:42:15Z,v0.9.0,sign_4kb,27.626,µs
2026-04-02T03:42:15Z,v0.9.0,verify_4kb,34.915,µs
2026-04-02T03:42:15Z,v0.9.0,generate_keypair,15.185,µs
2026-04-02T03:42:15Z,v0.9.0,compute_hash_file_4kb,5.8367,µs
2026-04-02T03:42:15Z,v0.9.0,compute_hash_file_1mb,622.78,µs
2026-04-02T03:42:15Z,v0.9.0,revocation_key_lookup_1k,17.369,ns
2026-04-02T03:42:15Z,v0.9.0,revocation_hash_lookup_1k,18.095,ns
2026-04-02T03:42:15Z,v0.9.0,verify_artifact_signed_4kb,51.956,µs
2026-04-02T03:42:15Z,v0.9.0,verify_artifact_signed_1mb,702.98,µs
2026-04-02T03:42:15Z,v0.9.0,verify_batch_10x4kb,564.21,µs
2026-04-02T03:49:56Z,v1.0.0,hash_data_4kb,2.0638,µs
2026-04-02T03:49:56Z,v1.0.0,hash_data_1mb,493.72,µs
2026-04-02T03:49:56Z,v1.0.0,sign_4kb,27.349,µs
2026-04-02T03:49:56Z,v1.0.0,verify_4kb,34.046,µs
2026-04-02T03:49:56Z,v1.0.0,generate_keypair,14.826,µs
2026-04-02T03:49:56Z,v1.0.0,compute_hash_file_4kb,5.6811,µs
2026-04-02T03:49:56Z,v1.0.0,compute_hash_file_1mb,608.00,µs
2026-04-02T03:49:56Z,v1.0.0,revocation_key_lookup_1k,16.964,ns
2026-04-02T03:49:56Z,v1.0.0,revocation_hash_lookup_1k,16.699,ns
2026-04-02T03:49:56Z,v1.0.0,verify_artifact_signed_4kb,40.378,µs
2026-04-02T03:49:56Z,v1.0.0,verify_artifact_signed_1mb,590.32,µs
2026-04-02T03:49:56Z,v1.0.0,verify_batch_10x4kb,423.50,µs
2026-04-25T00:00:00Z,v2.9.3,sha256_64b_sw,10.0,µs
2026-04-25T00:00:00Z,v2.9.3,sha256_64b_ni,470,ns
2026-04-25T00:00:00Z,v2.9.3,sha256_1kb_sw,88.0,µs
2026-04-25T00:00:00Z,v2.9.3,sha256_1kb_ni,2.0,µs
2026-04-25T00:00:00Z,v2.9.3,sha256_64kb_sw,5318,µs
2026-04-25T00:00:00Z,v2.9.3,sha256_64kb_ni,157,µs
2026-05-21T00:00:00Z,v3.2.0-ni-selftest,sha256_64b_ni,471,ns
2026-05-21T00:00:00Z,v3.2.0-ni-selftest,sha256_1kb_ni,2.0,µs
2026-05-21T00:00:00Z,v3.2.0-ni-selftest,sha256_64kb_ni,164,µs
2026-05-21T00:00:00Z,v3.2.0-ni-selftest,aes256_encrypt_block,20,ns
2026-05-21T00:00:00Z,v3.2.0-ni-selftest,aes_gcm_encrypt_1kb,731,µs
2026-05-21T00:00:00Z,v3.2.0-allocfree,sv_verify_batch_1,6.678,ms
2026-05-21T00:00:00Z,v3.2.0-allocfree,sv_verify_batch_4,28.669,ms
2026-05-21T00:00:00Z,v3.2.0-allocfree,sv_verify_batch_16,106.892,ms
2026-05-21T00:00:00Z,v3.2.0-allocfree,sv_verify_batch_64,422.867,ms
2026-05-21T00:00:00Z,v3.2.1,ecdsa_p256_verify,136.283,ms
2026-05-23T00:00:00Z,v3.4.3-secret-var-aesgcm,aes_gcm_encrypt_1kb,723,µs
2026-05-23T00:00:00Z,v3.4.3-secret-var-aesgcm,aes_gcm_decrypt_1kb_valid,729,µs
2026-05-23T00:00:00Z,v3.4.3-secret-var-aesgcm,aes_gcm_decrypt_1kb_forged,730,µs
2026-05-27T00:00:00Z,v3.5.4-modern-crypto,chacha20_xor_1kb,43,µs
2026-05-27T00:00:00Z,v3.5.4-modern-crypto,poly1305_mac_1kb,3,µs
2026-05-27T00:00:00Z,v3.5.4-modern-crypto,chacha20poly1305_encrypt_1kb,52,µs
2026-05-27T00:00:00Z,v3.5.4-modern-crypto,x25519_base,2.965,ms
2026-05-28T00:00:00Z,v3.5.7-aes128-gcm,aes128_key_expansion,707,ns
2026-05-28T00:00:00Z,v3.5.7-aes128-gcm,aes_128_gcm_encrypt_1kb,728,µs
2026-05-28T00:00:00Z,v3.5.9-ecdsa-sign,ecdsa_p256_sign,74.444,ms
2026-05-28T00:00:00Z,v3.5.9-ecdsa-sign,ecdsa_p384_sign,179.169,ms
2026-06-03T00:00:00Z,v3.6-parallel-crypto,sv_verify_batch_1,6.897,ms
2026-06-03T00:00:00Z,v3.6-parallel-crypto,sv_verify_batch_4,8.199,ms
2026-06-03T00:00:00Z,v3.6-parallel-crypto,sv_verify_batch_16,31.534,ms
2026-06-03T00:00:00Z,v3.6-parallel-crypto,sv_verify_batch_64,123.563,ms
2026-06-04T00:00:00Z,v3.6.6-rsa-montgomery,rsa2048_verify_sha256,3.385,ms
2026-06-04T00:00:00Z,v3.6.6-rsa-montgomery,rsa2048_verify_schoolbook,11.680,ms
2026-06-04T00:00:00Z,v3.6.6-rsa-montgomery,rsa2048_verify_montgomery,3.401,ms
2026-06-04T00:00:00Z,v3.6.6-rsa-montgomery,rsa2048_sign_sha256_crt,74.820,ms
2026-06-04T00:00:00Z,v3.6.6-rsa-montgomery,rsa2048_modexp_fullwidth,242.898,ms
2026-06-04T00:00:00Z,v3.7.0-p256-solinas,ecdsa_p256_verify,26.139,ms
2026-06-04T00:00:00Z,v3.7.0-p256-solinas,ecdsa_p256_verify_longdiv_baseline,147.488,ms
2026-06-04T00:00:00Z,v3.7.1-p384-solinas,ecdsa_p384_verify,54.613,ms
2026-06-04T00:00:00Z,v3.7.1-p384-solinas,ecdsa_p384_verify_longdiv_baseline,339.182,ms
2026-06-09T00:00:00Z,v3.7.8-ec-comb-window,ecdsa_p256_verify,11.600,ms
2026-06-09T00:00:00Z,v3.7.8-ec-comb-window,ecdsa_p384_verify,26.263,ms
2026-06-16T00:00:00Z,v3.7.16-inv-chain,ecdsa_p256_verify,11.370,ms
2026-06-16T00:00:00Z,v3.7.16-inv-chain,ecdsa_p256_verify_generic_inv_baseline,12.500,ms
2026-06-16T00:00:00Z,v3.7.16-mixed-comb,ecdsa_p256_verify,11.000,ms
2026-06-16T00:00:00Z,v3.7.16-mixed-comb,ecdsa_p256_verify_general_add_baseline,11.320,ms
2026-06-16T00:00:00Z,v3.7.17-window-batchinv,ecdsa_p256_verify,10.890,ms
2026-06-16T00:00:00Z,v3.7.17-karatsuba,ecdsa_p256_verify,11.250,ms
2026-06-16T00:00:00Z,v3.7.17-karatsuba,ecdsa_p256_verify_schoolbook_baseline,11.580,ms
2026-06-16T00:00:00Z,v3.7.17-karatsuba,ed25519_verify,6.627,ms
2026-06-16T00:00:00Z,v3.7.17-karatsuba,ed25519_verify_schoolbook_baseline,6.900,ms
2026-06-29T00:00:00Z,v3.9.6-auto-banking,ecdsa_p256_verify,10.663,ms
2026-07-30T00:00:00Z,v3.12.2-native-mul-pub-modexp,rsa2048_verify_sha256,1.178,ms
2026-07-30T00:00:00Z,v3.12.2-native-mul-pub-modexp,rsa2048_sign_sha256_crt,41.276,ms
2026-07-30T00:00:00Z,v3.12.2-native-mul-pub-modexp,rsa2048_modexp_fullwidth,132.376,ms
2026-07-30T00:00:00Z,v3.12.2-native-mul-pub-modexp,rsa2048_verify_schoolbook,10.293,ms
2026-07-30T00:00:00Z,v3.12.2-native-mul-pub-modexp,bn_mont_mul_32limb,20.264,µs
2026-07-30T00:00:00Z,v3.12.2-native-mul-pub-modexp,rsa2048_verify_montgomery,2.004,ms
2026-07-30T00:00:00Z,v3.12.2-native-mul-pub-modexp,rsa2048_verify_montgomery_pub,1.161,ms
2026-07-30T00:00:00Z,v3.12.2-native-mul-pub-modexp,ecdsa_p256_verify,9.732,ms
2026-07-30T00:00:00Z,v3.12.2-native-mul-pub-modexp,ecdsa_p384_verify,23.604,ms
2026-07-30T00:00:00Z,v3.12.2-native-mul-pub-modexp,ecdsa_p256_sign,13.053,ms
2026-07-30T00:00:00Z,v3.12.2-native-mul-pub-modexp,ecdsa_p384_sign,30.208,ms
2026-07-30T00:00:00Z,v3.12.2-native-mul-pub-modexp,ed25519_verify,5.146,ms
2026-07-30T00:00:00Z,v3.12.2-native-mul-pub-modexp,x25519_base,2.296,ms
2026-07-30T00:00:00Z,v3.12.2-native-mul-pub-modexp,sha256_1kb_ni,3.161,µs
2026-07-30T00:00:00Z,v3.12.2-baseline-3.12.1,rsa2048_verify_sha256_3121_baseline,3.276,ms
2026-07-30T00:00:00Z,v3.12.2-baseline-3.12.1,rsa2048_sign_sha256_crt_3121_baseline,70.132,ms
2026-07-30T00:00:00Z,v3.12.2-baseline-3.12.1,rsa2048_modexp_fullwidth_3121_baseline,232.807,ms
2026-07-30T00:00:00Z,v3.12.2-baseline-3.12.1,rsa2048_verify_schoolbook_3121_baseline,10.759,ms
2026-07-30T00:00:00Z,v3.12.2-baseline-3.12.1,rsa2048_verify_montgomery_3121_baseline,3.257,ms
2026-07-30T00:00:00Z,v3.12.2-baseline-3.12.1,ecdsa_p256_verify_3121_baseline,10.539,ms
2026-07-30T00:00:00Z,v3.12.2-baseline-3.12.1,ecdsa_p384_verify_3121_baseline,25.936,ms
2026-07-30T00:00:00Z,v3.12.2-baseline-3.12.1,ecdsa_p256_sign_3121_baseline,14.11,ms
2026-07-30T00:00:00Z,v3.12.2-baseline-3.12.1,ecdsa_p384_sign_3121_baseline,32.755,ms
2026-07-30T00:00:00Z,v3.12.2-baseline-3.12.1,ed25519_verify_3121_baseline,6.425,ms
2026-07-30T00:00:00Z,v3.12.2-baseline-3.12.1,ed25519_sign_3121_baseline,1.103,ms
2026-07-30T00:00:00Z,v3.12.2-baseline-3.12.1,ed25519_keypair_3121_baseline,1.021,ms
2026-07-30T00:00:00Z,v3.12.2-baseline-3.12.1,ge_scalarmult_3121_baseline,4.822,ms
2026-07-30T00:00:00Z,v3.12.2-baseline-3.12.1,fp_mul_3121_baseline,900,ns
2026-07-30T00:00:00Z,v3.12.2-baseline-3.12.1,fp_inv_3121_baseline,241.43,µs
2026-07-30T00:00:00Z,v3.12.2-baseline-3.12.1,sc_reduce_3121_baseline,27.587,µs
2026-07-30T00:00:00Z,v3.12.2-baseline-3.12.1,x25519_base_3121_baseline,2.89,ms
2026-07-30T00:00:00Z,v3.12.2-baseline-3.12.1,mldsa65_sign_3121_baseline,4.758,ms
2026-07-30T00:00:00Z,v3.12.2-baseline-3.12.1,mldsa65_verify_3121_baseline,1.996,ms
2026-07-30T00:00:00Z,v3.12.2-baseline-3.12.1,sha256_1kb_ni_3121_baseline,3.171,µs
2026-07-30T00:00:00Z,v3.12.2-native-mul-pub-modexp,ed25519_sign,0.899,ms
2026-07-30T00:00:00Z,v3.12.2-native-mul-pub-modexp,ed25519_keypair,0.829,ms
2026-07-30T00:00:00Z,v3.12.2-native-mul-pub-modexp,ge_scalarmult,3.838,ms
2026-07-30T00:00:00Z,v3.12.2-native-mul-pub-modexp,fp_mul,721,ns
2026-07-30T00:00:00Z,v3.12.2-native-mul-pub-modexp,fp_inv,195.553,µs
2026-07-30T00:00:00Z,v3.12.2-native-mul-pub-modexp,sc_reduce,21.631,µs
2026-07-30T00:00:00Z,v3.12.2-native-mul-pub-modexp,mldsa65_sign,4.714,ms
2026-07-30T00:00:00Z,v3.12.2-native-mul-pub-modexp,mldsa65_verify,1.993,ms
2026-09-23T00:00:00Z,v3.13.0-closeout,sha256_4kb,12.192,µs
2026-09-23T00:00:00Z,v3.13.0-closeout,sha256_64b_sw,10.130,µs
2026-09-23T00:00:00Z,v3.13.0-closeout,sha256_64b_ni,522,ns
2026-09-23T00:00:00Z,v3.13.0-closeout,sha256_1kb_sw,85.377,µs
2026-09-23T00:00:00Z,v3.13.0-closeout,sha256_1kb_ni,3.281,µs
2026-09-23T00:00:00Z,v3.13.0-closeout,sha256_64kb_sw,5.141,ms
2026-09-23T00:00:00Z,v3.13.0-closeout,sha256_64kb_ni,189.138,µs
2026-09-23T00:00:00Z,v3.13.0-closeout,sha512_4kb,179.524,µs
2026-09-23T00:00:00Z,v3.13.0-closeout,fp_mul,710,ns
2026-09-23T00:00:00Z,v3.13.0-closeout,fp_inv,192.496,µs
2026-09-23T00:00:00Z,v3.13.0-closeout,sc_reduce,21.246,µs
2026-09-23T00:00:00Z,v3.13.0-closeout,ge_double,5.949,µs
2026-09-23T00:00:00Z,v3.13.0-closeout,ge_scalarmult,3.863,ms
2026-09-23T00:00:00Z,v3.13.0-closeout,ed25519_keypair,813.773,µs
2026-09-23T00:00:00Z,v3.13.0-closeout,ed25519_sign,1.704,ms
2026-09-23T00:00:00Z,v3.13.0-closeout,ed25519_verify,5.096,ms
2026-09-23T00:00:00Z,v3.13.0-closeout,ct_eq_32b,57,ns
2026-09-23T00:00:00Z,v3.13.0-closeout,hex_encode_32b,156,ns
2026-09-23T00:00:00Z,v3.13.0-closeout,aes256_key_expansion,905,ns
2026-09-23T00:00:00Z,v3.13.0-closeout,aes256_encrypt_block,18,ns
2026-09-23T00:00:00Z,v3.13.0-closeout,aes_gcm_encrypt_1kb,65.577,µs
2026-09-23T00:00:00Z,v3.13.0-closeout,aes_gcm_decrypt_1kb_valid,66.488,µs
2026-09-23T00:00:00Z,v3.13.0-closeout,aes_gcm_decrypt_1kb_forged,67.122,µs
2026-09-23T00:00:00Z,v3.13.0-closeout,aes128_key_expansion,680,ns
2026-09-23T00:00:00Z,v3.13.0-closeout,aes_128_gcm_encrypt_1kb,64.653,µs
2026-09-23T00:00:00Z,v3.13.0-closeout,hkdf_extract,1.944,µs
2026-09-23T00:00:00Z,v3.13.0-closeout,hkdf_expand_4kb,267.330,µs
2026-09-23T00:00:00Z,v3.13.0-closeout,mldsa_ntt,10.585,µs
2026-09-23T00:00:00Z,v3.13.0-closeout,mldsa_invntt,12.821,µs
2026-09-23T00:00:00Z,v3.13.0-closeout,mldsa65_keypair,2.158,ms
2026-09-23T00:00:00Z,v3.13.0-closeout,mldsa65_sign,3.280,ms
2026-09-23T00:00:00Z,v3.13.0-closeout,mldsa65_verify,2.051,ms
2026-09-23T00:00:00Z,v3.13.0-closeout,chacha20_xor_1kb,50.445,µs
2026-09-23T00:00:00Z,v3.13.0-closeout,poly1305_mac_1kb,3.853,µs
2026-09-23T00:00:00Z,v3.13.0-closeout,chacha20poly1305_encrypt_1kb,58.814,µs
2026-09-23T00:00:00Z,v3.13.0-closeout,x25519_base,2.297,ms
2026-09-23T00:00:00Z,v3.13.0-closeout,ecdsa_p256_sign,13.185,ms
2026-09-23T00:00:00Z,v3.13.0-closeout,ecdsa_p384_sign,30.004,ms
2026-09-23T00:00:00Z,v3.13.0-closeout,rsa2048_verify_sha256,1.191,ms
2026-09-23T00:00:00Z,v3.13.0-closeout,rsa2048_verify_schoolbook,10.490,ms
2026-09-23T00:00:00Z,v3.13.0-closeout,rsa2048_verify_montgomery,1.992,ms
2026-09-23T00:00:00Z,v3.13.0-closeout,rsa2048_verify_montgomery_pub,1.162,ms
2026-09-23T00:00:00Z,v3.13.0-closeout,bn_mont_mul_32limb,20.394,µs
2026-09-23T00:00:00Z,v3.13.0-closeout,rsa2048_sign_sha256_crt,40.397,ms
2026-09-23T00:00:00Z,v3.13.0-closeout,rsa2048_modexp_fullwidth,128.871,ms
2026-09-23T00:00:00Z,v3.13.0-closeout,ecdsa_p256_verify,9.803,ms
2026-09-23T00:00:00Z,v3.13.0-closeout,ecdsa_p384_verify,24.119,ms
2026-09-23T00:00:00Z,v3.13.0-baseline-3.12.18,sha256_4kb_31218_baseline,12.589,µs
2026-09-23T00:00:00Z,v3.13.0-baseline-3.12.18,sha256_64b_sw_31218_baseline,10.121,µs
2026-09-23T00:00:00Z,v3.13.0-baseline-3.12.18,sha256_64b_ni_31218_baseline,524,ns
2026-09-23T00:00:00Z,v3.13.0-baseline-3.12.18,sha256_1kb_sw_31218_baseline,85.148,µs
2026-09-23T00:00:00Z,v3.13.0-baseline-3.12.18,sha256_1kb_ni_31218_baseline,3.299,µs
2026-09-23T00:00:00Z,v3.13.0-baseline-3.12.18,sha256_64kb_sw_31218_baseline,5.131,ms
2026-09-23T00:00:00Z,v3.13.0-baseline-3.12.18,sha256_64kb_ni_31218_baseline,186.797,µs
2026-09-23T00:00:00Z,v3.13.0-baseline-3.12.18,sha512_4kb_31218_baseline,176.980,µs
2026-09-23T00:00:00Z,v3.13.0-baseline-3.12.18,fp_mul_31218_baseline,721,ns
2026-09-23T00:00:00Z,v3.13.0-baseline-3.12.18,fp_inv_31218_baseline,192.049,µs
2026-09-23T00:00:00Z,v3.13.0-baseline-3.12.18,sc_reduce_31218_baseline,21.693,µs
2026-09-23T00:00:00Z,v3.13.0-baseline-3.12.18,ge_double_31218_baseline,5.753,µs
2026-09-23T00:00:00Z,v3.13.0-baseline-3.12.18,ge_scalarmult_31218_baseline,3.822,ms
2026-09-23T00:00:00Z,v3.13.0-baseline-3.12.18,ed25519_keypair_31218_baseline,807.527,µs
2026-09-23T00:00:00Z,v3.13.0-baseline-3.12.18,ed25519_sign_31218_baseline,926.816,µs
2026-09-23T00:00:00Z,v3.13.0-baseline-3.12.18,ed25519_verify_31218_baseline,5.199,ms
2026-09-23T00:00:00Z,v3.13.0-baseline-3.12.18,ct_eq_32b_31218_baseline,60,ns
2026-09-23T00:00:00Z,v3.13.0-baseline-3.12.18,hex_encode_32b_31218_baseline,155,ns
2026-09-23T00:00:00Z,v3.13.0-baseline-3.12.18,aes256_key_expansion_31218_baseline,944,ns
2026-09-23T00:00:00Z,v3.13.0-baseline-3.12.18,aes256_encrypt_block_31218_baseline,20,ns
2026-09-23T00:00:00Z,v3.13.0-baseline-3.12.18,aes_gcm_encrypt_1kb_31218_baseline,719.503,µs
2026-09-23T00:00:00Z,v3.13.0-baseline-3.12.18,aes_gcm_decrypt_1kb_valid_31218_baseline,712.972,µs
2026-09-23T00:00:00Z,v3.13.0-baseline-3.12.18,aes_gcm_decrypt_1kb_forged_31218_baseline,721.283,µs
2026-09-23T00:00:00Z,v3.13.0-baseline-3.12.18,aes128_key_expansion_31218_baseline,668,ns
2026-09-23T00:00:00Z,v3.13.0-baseline-3.12.18,aes_128_gcm_encrypt_1kb_31218_baseline,710.729,µs
2026-09-23T00:00:00Z,v3.13.0-baseline-3.12.18,hkdf_extract_31218_baseline,1.916,µs
2026-09-23T00:00:00Z,v3.13.0-baseline-3.12.18,hkdf_expand_4kb_31218_baseline,264.085,µs
2026-09-23T00:00:00Z,v3.13.0-baseline-3.12.18,mldsa_ntt_31218_baseline,10.729,µs
2026-09-23T00:00:00Z,v3.13.0-baseline-3.12.18,mldsa_invntt_31218_baseline,12.797,µs
2026-09-23T00:00:00Z,v3.13.0-baseline-3.12.18,mldsa65_keypair_31218_baseline,2.137,ms
2026-09-23T00:00:00Z,v3.13.0-baseline-3.12.18,mldsa65_sign_31218_baseline,4.826,ms
2026-09-23T00:00:00Z,v3.13.0-baseline-3.12.18,mldsa65_verify_31218_baseline,2.100,ms
2026-09-23T00:00:00Z,v3.13.0-baseline-3.12.18,chacha20_xor_1kb_31218_baseline,49.867,µs
2026-09-23T00:00:00Z,v3.13.0-baseline-3.12.18,poly1305_mac_1kb_31218_baseline,3.737,µs
2026-09-23T00:00:00Z,v3.13.0-baseline-3.12.18,chacha20poly1305_encrypt_1kb_31218_baseline,58.327,µs
2026-09-23T00:00:00Z,v3.13.0-baseline-3.12.18,x25519_base_31218_baseline,2.285,ms
2026-09-23T00:00:00Z,v3.13.0-baseline-3.12.18,ecdsa_p256_sign_31218_baseline,13.097,ms
2026-09-23T00:00:00Z,v3.13.0-baseline-3.12.18,ecdsa_p384_sign_31218_baseline,29.872,ms
2026-09-23T00:00:00Z,v3.13.0-baseline-3.12.18,rsa2048_verify_sha256_31218_baseline,1.177,ms
2026-09-23T00:00:00Z,v3.13.0-baseline-3.12.18,rsa2048_verify_schoolbook_31218_baseline,10.547,ms
2026-09-23T00:00:00Z,v3.13.0-baseline-3.12.18,rsa2048_verify_montgomery_31218_baseline,1.998,ms
2026-09-23T00:00:00Z,v3.13.0-baseline-3.12.18,rsa2048_verify_montgomery_pub_31218_baseline,1.178,ms
2026-09-23T00:00:00Z,v3.13.0-baseline-3.12.18,bn_mont_mul_32limb_31218_baseline,20.245,µs
2026-09-23T00:00:00Z,v3.13.0-baseline-3.12.18,rsa2048_sign_sha256_crt_31218_baseline,40.987,ms
2026-09-23T00:00:00Z,v3.13.0-baseline-3.12.18,rsa2048_modexp_fullwidth_31218_baseline,130.819,ms
2026-09-23T00:00:00Z,v3.13.0-baseline-3.12.18,ecdsa_p256_verify_31218_baseline,9.902,ms
2026-09-23T00:00:00Z,v3.13.0-baseline-3.12.18,ecdsa_p384_verify_31218_baseline,24.168,ms
2026-09-25T00:00:00Z,v3.13.1-issue-cleanup,sha256_4kb,12.869,µs
2026-09-25T00:00:00Z,v3.13.1-issue-cleanup,sha256_64b_sw,10.707,µs
2026-09-25T00:00:00Z,v3.13.1-issue-cleanup,sha256_64b_ni,548,ns
2026-09-25T00:00:00Z,v3.13.1-issue-cleanup,sha256_1kb_sw,90.038,µs
2026-09-25T00:00:00Z,v3.13.1-issue-cleanup,sha256_1kb_ni,3.476,µs
2026-09-25T00:00:00Z,v3.13.1-issue-cleanup,sha256_64kb_sw,5.420,ms
2026-09-25T00:00:00Z,v3.13.1-issue-cleanup,sha256_64kb_ni,200.135,µs
2026-09-25T00:00:00Z,v3.13.1-issue-cleanup,sha512_4kb,220.300,µs
2026-09-25T00:00:00Z,v3.13.1-issue-cleanup,fp_mul,762,ns
2026-09-25T00:00:00Z,v3.13.1-issue-cleanup,fp_inv,204.659,µs
2026-09-25T00:00:00Z,v3.13.1-issue-cleanup,sc_reduce,22.771,µs
2026-09-25T00:00:00Z,v3.13.1-issue-cleanup,ge_double,6.260,µs
2026-09-25T00:00:00Z,v3.13.1-issue-cleanup,ge_scalarmult,4.087,ms
2026-09-25T00:00:00Z,v3.13.1-issue-cleanup,ed25519_keypair,863.363,µs
2026-09-25T00:00:00Z,v3.13.1-issue-cleanup,ed25519_sign,1.875,ms
2026-09-25T00:00:00Z,v3.13.1-issue-cleanup,ed25519_verify,5.486,ms
2026-09-25T00:00:00Z,v3.13.1-issue-cleanup,ct_eq_32b,61,ns
2026-09-25T00:00:00Z,v3.13.1-issue-cleanup,hex_encode_32b,166,ns
2026-09-25T00:00:00Z,v3.13.1-issue-cleanup,aes256_key_expansion,969,ns
2026-09-25T00:00:00Z,v3.13.1-issue-cleanup,aes256_encrypt_block,11,ns
2026-09-25T00:00:00Z,v3.13.1-issue-cleanup,aes_gcm_encrypt_1kb,72.845,µs
2026-09-25T00:00:00Z,v3.13.1-issue-cleanup,aes_gcm_decrypt_1kb_valid,74.285,µs
2026-09-25T00:00:00Z,v3.13.1-issue-cleanup,aes_gcm_decrypt_1kb_forged,71.620,µs
2026-09-25T00:00:00Z,v3.13.1-issue-cleanup,aes128_key_expansion,745,ns
2026-09-25T00:00:00Z,v3.13.1-issue-cleanup,aes_128_gcm_encrypt_1kb,68.672,µs
2026-09-25T00:00:00Z,v3.13.1-issue-cleanup,hkdf_extract,2.053,µs
2026-09-25T00:00:00Z,v3.13.1-issue-cleanup,hkdf_expand_4kb,279.143,µs
2026-09-25T00:00:00Z,v3.13.1-issue-cleanup,mldsa_ntt,11.371,µs
2026-09-25T00:00:00Z,v3.13.1-issue-cleanup,mldsa_invntt,13.795,µs
2026-09-25T00:00:00Z,v3.13.1-issue-cleanup,mldsa65_keypair,2.282,ms
2026-09-25T00:00:00Z,v3.13.1-issue-cleanup,mldsa65_sign,3.487,ms
2026-09-25T00:00:00Z,v3.13.1-issue-cleanup,mldsa65_verify,2.162,ms
2026-09-25T00:00:00Z,v3.13.1-issue-cleanup,chacha20_xor_1kb,53.137,µs
2026-09-25T00:00:00Z,v3.13.1-issue-cleanup,poly1305_mac_1kb,4.023,µs
2026-09-25T00:00:00Z,v3.13.1-issue-cleanup,chacha20poly1305_encrypt_1kb,61.639,µs
2026-09-25T00:00:00Z,v3.13.1-issue-cleanup,x25519_base,2.427,ms
2026-09-25T00:00:00Z,v3.13.1-issue-cleanup,ecdsa_p256_sign,14.007,ms
2026-09-25T00:00:00Z,v3.13.1-issue-cleanup,ecdsa_p384_sign,31.695,ms
2026-09-25T00:00:00Z,v3.13.1-issue-cleanup,rsa2048_verify_sha256,1.243,ms
2026-09-25T00:00:00Z,v3.13.1-issue-cleanup,rsa2048_verify_schoolbook,11.219,ms
2026-09-25T00:00:00Z,v3.13.1-issue-cleanup,rsa2048_verify_montgomery,2.129,ms
2026-09-25T00:00:00Z,v3.13.1-issue-cleanup,rsa2048_verify_montgomery_pub,1.242,ms
2026-09-25T00:00:00Z,v3.13.1-issue-cleanup,bn_mont_mul_32limb,21.722,µs
2026-09-25T00:00:00Z,v3.13.1-issue-cleanup,rsa2048_sign_sha256_crt,43.144,ms
2026-09-25T00:00:00Z,v3.13.1-issue-cleanup,rsa2048_modexp_fullwidth,136.907,ms
2026-09-25T00:00:00Z,v3.13.1-issue-cleanup,ecdsa_p256_verify,10.557,ms
2026-09-25T00:00:00Z,v3.13.1-issue-cleanup,ecdsa_p384_verify,25.020,ms
2026-09-25T00:00:00Z,v3.13.1-baseline-3.13.0,sha256_4kb_3130_baseline,13.014,µs
2026-09-25T00:00:00Z,v3.13.1-baseline-3.13.0,sha256_64b_sw_3130_baseline,10.770,µs
2026-09-25T00:00:00Z,v3.13.1-baseline-3.13.0,sha256_64b_ni_3130_baseline,550,ns
2026-09-25T00:00:00Z,v3.13.1-baseline-3.13.0,sha256_1kb_sw_3130_baseline,89.654,µs
2026-09-25T00:00:00Z,v3.13.1-baseline-3.13.0,sha256_1kb_ni_3130_baseline,3.456,µs
2026-09-25T00:00:00Z,v3.13.1-baseline-3.13.0,sha256_64kb_sw_3130_baseline,5.400,ms
2026-09-25T00:00:00Z,v3.13.1-baseline-3.13.0,sha256_64kb_ni_3130_baseline,200.224,µs
2026-09-25T00:00:00Z,v3.13.1-baseline-3.13.0,sha512_4kb_3130_baseline,189.389,µs
2026-09-25T00:00:00Z,v3.13.1-baseline-3.13.0,fp_mul_3130_baseline,780,ns
2026-09-25T00:00:00Z,v3.13.1-baseline-3.13.0,fp_inv_3130_baseline,204.472,µs
2026-09-25T00:00:00Z,v3.13.1-baseline-3.13.0,sc_reduce_3130_baseline,22.545,µs
2026-09-25T00:00:00Z,v3.13.1-baseline-3.13.0,ge_double_3130_baseline,6.177,µs
2026-09-25T00:00:00Z,v3.13.1-baseline-3.13.0,ge_scalarmult_3130_baseline,4.091,ms
2026-09-25T00:00:00Z,v3.13.1-baseline-3.13.0,ed25519_keypair_3130_baseline,857.150,µs
2026-09-25T00:00:00Z,v3.13.1-baseline-3.13.0,ed25519_sign_3130_baseline,1.824,ms
2026-09-25T00:00:00Z,v3.13.1-baseline-3.13.0,ed25519_verify_3130_baseline,5.414,ms
2026-09-25T00:00:00Z,v3.13.1-baseline-3.13.0,ct_eq_32b_3130_baseline,61,ns
2026-09-25T00:00:00Z,v3.13.1-baseline-3.13.0,hex_encode_32b_3130_baseline,164,ns
2026-09-25T00:00:00Z,v3.13.1-baseline-3.13.0,aes256_key_expansion_3130_baseline,955,ns
2026-09-25T00:00:00Z,v3.13.1-baseline-3.13.0,aes256_encrypt_block_3130_baseline,21,ns
2026-09-25T00:00:00Z,v3.13.1-baseline-3.13.0,aes_gcm_encrypt_1kb_3130_baseline,68.522,µs
2026-09-25T00:00:00Z,v3.13.1-baseline-3.13.0,aes_gcm_decrypt_1kb_valid_3130_baseline,69.173,µs
2026-09-25T00:00:00Z,v3.13.1-baseline-3.13.0,aes_gcm_decrypt_1kb_forged_3130_baseline,70.861,µs
2026-09-25T00:00:00Z,v3.13.1-baseline-3.13.0,aes128_key_expansion_3130_baseline,719,ns
2026-09-25T00:00:00Z,v3.13.1-baseline-3.13.0,aes_128_gcm_encrypt_1kb_3130_baseline,68.869,µs
2026-09-25T00:00:00Z,v3.13.1-baseline-3.13.0,hkdf_extract_3130_baseline,2.037,µs
2026-09-25T00:00:00Z,v3.13.1-baseline-3.13.0,hkdf_expand_4kb_3130_baseline,279.103,µs
2026-09-25T00:00:00Z,v3.13.1-baseline-3.13.0,mldsa_ntt_3130_baseline,11.363,µs
2026-09-25T00:00:00Z,v3.13.1-baseline-3.13.0,mldsa_invntt_3130_baseline,13.749,µs
2026-09-25T00:00:00Z,v3.13.1-baseline-3.13.0,mldsa65_keypair_3130_baseline,2.340,ms
2026-09-25T00:00:00Z,v3.13.1-baseline-3.13.0,mldsa65_sign_3130_baseline,3.457,ms
2026-09-25T00:00:00Z,v3.13.1-baseline-3.13.0,mldsa65_verify_3130_baseline,2.163,ms
2026-09-25T00:00:00Z,v3.13.1-baseline-3.13.0,chacha20_xor_1kb_3130_baseline,53.330,µs
2026-09-25T00:00:00Z,v3.13.1-baseline-3.13.0,poly1305_mac_1kb_3130_baseline,4.015,µs
2026-09-25T00:00:00Z,v3.13.1-baseline-3.13.0,chacha20poly1305_encrypt_1kb_3130_baseline,61.954,µs
2026-09-25T00:00:00Z,v3.13.1-baseline-3.13.0,x25519_base_3130_baseline,2.419,ms
2026-09-25T00:00:00Z,v3.13.1-baseline-3.13.0,ecdsa_p256_sign_3130_baseline,13.856,ms
2026-09-25T00:00:00Z,v3.13.1-baseline-3.13.0,ecdsa_p384_sign_3130_baseline,31.755,ms
2026-09-25T00:00:00Z,v3.13.1-baseline-3.13.0,rsa2048_verify_sha256_3130_baseline,1.241,ms
2026-09-25T00:00:00Z,v3.13.1-baseline-3.13.0,rsa2048_verify_schoolbook_3130_baseline,11.214,ms
2026-09-25T00:00:00Z,v3.13.1-baseline-3.13.0,rsa2048_verify_montgomery_3130_baseline,2.118,ms
2026-09-25T00:00:00Z,v3.13.1-baseline-3.13.0,rsa2048_verify_montgomery_pub_3130_baseline,1.242,ms
2026-09-25T00:00:00Z,v3.13.1-baseline-3.13.0,bn_mont_mul_32limb_3130_baseline,21.654,µs
2026-09-25T00:00:00Z,v3.13.1-baseline-3.13.0,rsa2048_sign_sha256_crt_3130_baseline,43.365,ms
2026-09-25T00:00:00Z,v3.13.1-baseline-3.13.0,rsa2048_modexp_fullwidth_3130_baseline,136.353,ms
2026-09-25T00:00:00Z,v3.13.1-baseline-3.13.0,ecdsa_p256_verify_3130_baseline,10.350,ms
2026-09-25T00:00:00Z,v3.13.1-baseline-3.13.0,ecdsa_p384_verify_3130_baseline,25.524,ms
